[
{
    "model": "wasteprocessors.materialtype",
    "pk": 1,
    "fields": {
        "material_type": "Wood",
        "material_slug": "wood",
        "description": "Clean wood includes wood that is untreated, unstained and unpainted such as: construction lumber, pallets, plywood, OSB, and branches. Pressure treated, stained, or painted wood is not recyclable and should be disposed of as garbage. Railroad ties, which are treated with creosote, are sometimes recyclable, so check with the C&D processing facilities to see if they accept them.",
        "special_considerations": "Wood"
    }
},
{
    "model": "wasteprocessors.materialtype",
    "pk": 2,
    "fields": {
        "material_type": "Acoustic Ceiling Tile",
        "material_slug": "acoustic-ceiling-tile",
        "description": "Panels made from a variety of materials designed to reduce noise. Most vendors will accept mineral fiber-based tiles that are free of contaminants but will not accept cast tile, fiberglass board, ceramic-based tiles or laminated tiles.",
        "special_considerations": ""
    }
},
{
    "model": "wasteprocessors.materialtype",
    "pk": 3,
    "fields": {
        "material_type": "Asphalt",
        "material_slug": "asphalt",
        "description": "Asphalt pavement is made from aggregate and asphalt cement, a refined oil product.",
        "special_considerations": ""
    }
},
{
    "model": "wasteprocessors.materialtype",
    "pk": 4,
    "fields": {
        "material_type": "Asphalt Roofing",
        "material_slug": "asphalt-roofing",
        "description": "Shingles composed of a felt mat saturated with asphalt, with small rock granules added.",
        "special_considerations": ""
    }
},
{
    "model": "wasteprocessors.materialtype",
    "pk": 5,
    "fields": {
        "material_type": "Brick",
        "material_slug": "brick",
        "description": "A building material made of fired clay that is normally formed into blocks of uniform size.",
        "special_considerations": ""
    }
},
{
    "model": "wasteprocessors.materialtype",
    "pk": 6,
    "fields": {
        "material_type": "Concrete",
        "material_slug": "concrete",
        "description": "A common construction material often found in foundations and sidewalks. It is made from a mixture of aggregates (sand and gravel), cement and water.",
        "special_considerations": ""
    }
},
{
    "model": "wasteprocessors.materialtype",
    "pk": 7,
    "fields": {
        "material_type": "Drywall",
        "material_slug": "drywall",
        "description": "Internal wall material made of a sheet of gypsum covered on both sides with a paper facing and a paperboard backing. Drywall is also referred to as gypsum board, wallboard, plasterboard and rock.",
        "special_considerations": ""
    }
},
{
    "model": "wasteprocessors.materialtype",
    "pk": 8,
    "fields": {
        "material_type": "Fiberglass",
        "material_slug": "fiberglass",
        "description": "Fiberglass consists of flexible fragments of spun or woven glass and is often found in insulating materials. It can also be coated with resins and molded into items such as pools or spas.",
        "special_considerations": ""
    }
},
{
    "model": "wasteprocessors.materialtype",
    "pk": 9,
    "fields": {
        "material_type": "Plaster",
        "material_slug": "plaster",
        "description": "A mixture of cement or gypsum plaster with sand, perlite or vermiculite, and sometimes lime to form an interior wet wall system when applied to lath work or plasterboard.",
        "special_considerations": ""
    }
},
{
    "model": "wasteprocessors.materialtype",
    "pk": 10,
    "fields": {
        "material_type": "Porcelain",
        "material_slug": "porcelain",
        "description": "A durable, non-absorbent ceramic that is fired at the highest kiln temperatures. It is often found as porcelain, toilets, sinks and ceramic tiles.",
        "special_considerations": ""
    }
},
{
    "model": "wasteprocessors.materialtype",
    "pk": 11,
    "fields": {
        "material_type": "Rigid Foam Insulation Board",
        "material_slug": "rigid-foam-insulation-board",
        "description": "Solid foam sheets, usually made of EPS, XPS, XEPS, ISO, or a composite. The foam comes in a range of thicknesses and may, or may not, have foil backing on 1 or 2 sides. Usually used as insulation under roofs, on walls, or under foundations",
        "special_considerations": ""
    }
},
{
    "model": "wasteprocessors.materialtype",
    "pk": 12,
    "fields": {
        "material_type": "Vermiculite Attic Insulation",
        "material_slug": "vermiculite-attic-insulation",
        "description": "A pebble-like, pour-in product that is light-brown or gold in color. Some vermiculite attic insulation may contain asbestos fibers. Left undisturbed, vermiculite does not pose a risk. Homeowners should not disturb vermiculite attic insulation and should limit trips to the attic if this type of insulation is present.",
        "special_considerations": ""
    }
},
{
    "model": "wasteprocessors.materialtype",
    "pk": 13,
    "fields": {
        "material_type": "Reusable Building Materials",
        "material_slug": "reusable-building-materials",
        "description": "A variety of items including but not limited to cabinets, doors, fencing, floor coverings, hardware and fixtures, plumbing and pipe, roofing, siding and windows.",
        "special_considerations": ""
    }
},
{
    "model": "wasteprocessors.materialtype",
    "pk": 14,
    "fields": {
        "material_type": "Carpet",
        "material_slug": "carpet",
        "description": "",
        "special_considerations": ""
    }
},
{
    "model": "wasteprocessors.materialtype",
    "pk": 15,
    "fields": {
        "material_type": "Glass",
        "material_slug": "glass",
        "description": "",
        "special_considerations": ""
    }
},
{
    "model": "wasteprocessors.materialtype",
    "pk": 16,
    "fields": {
        "material_type": "Metal",
        "material_slug": "metal",
        "description": "",
        "special_considerations": ""
    }
},
{
    "model": "wasteprocessors.materialtype",
    "pk": 17,
    "fields": {
        "material_type": "Paint",
        "material_slug": "paint",
        "description": "",
        "special_considerations": ""
    }
},
{
    "model": "wasteprocessors.materialtype",
    "pk": 18,
    "fields": {
        "material_type": "Appliances",
        "material_slug": "appliances",
        "description": "",
        "special_considerations": ""
    }
},
{
    "model": "wasteprocessors.materialtype",
    "pk": 19,
    "fields": {
        "material_type": "Rock",
        "material_slug": "rock",
        "description": "",
        "special_considerations": ""
    }
},
{
    "model": "wasteprocessors.materialtype",
    "pk": 120,
    "fields": {
        "material_type": "Window Glass",
        "material_slug": "",
        "description": "",
        "special_considerations": ""
    }
},
{
    "model": "wasteprocessors.materialtype",
    "pk": 121,
    "fields": {
        "material_type": "Carpet Padding",
        "material_slug": "",
        "description": "",
        "special_considerations": ""
    }
},
{
    "model": "wasteprocessors.materialtype",
    "pk": 123,
    "fields": {
        "material_type": "Nonferrous Metals",
        "material_slug": "",
        "description": "",
        "special_considerations": ""
    }
},
{
    "model": "wasteprocessors.materialtype",
    "pk": 124,
    "fields": {
        "material_type": "Landscaping, Landclearing",
        "material_slug": "",
        "description": "",
        "special_considerations": ""
    }
},
{
    "model": "wasteprocessors.materialtype",
    "pk": 125,
    "fields": {
        "material_type": "Cardboard",
        "material_slug": "",
        "description": "",
        "special_considerations": ""
    }
},
{
    "model": "wasteprocessors.materialtype",
    "pk": 126,
    "fields": {
        "material_type": "Construction and Demolition Debris",
        "material_slug": "",
        "description": "",
        "special_considerations": ""
    }
},
{
    "model": "wasteprocessors.materialtype",
    "pk": 128,
    "fields": {
        "material_type": "Clean Soil",
        "material_slug": "",
        "description": "",
        "special_considerations": ""
    }
},
{
    "model": "wasteprocessors.materialtype",
    "pk": 129,
    "fields": {
        "material_type": "Pallets",
        "material_slug": "",
        "description": "",
        "special_considerations": ""
    }
},
{
    "model": "wasteprocessors.materialtype",
    "pk": 131,
    "fields": {
        "material_type": "Ferrous Metals",
        "material_slug": "",
        "description": "",
        "special_considerations": ""
    }
},
{
    "model": "wasteprocessors.materialtype",
    "pk": 134,
    "fields": {
        "material_type": "Mixed Glass",
        "material_slug": "",
        "description": "",
        "special_considerations": ""
    }
},
{
    "model": "wasteprocessors.materialtype",
    "pk": 135,
    "fields": {
        "material_type": "Separated Glass",
        "material_slug": "",
        "description": "",
        "special_considerations": ""
    }
},
{
    "model": "wasteprocessors.materialtype",
    "pk": 136,
    "fields": {
        "material_type": "Textiles",
        "material_slug": "",
        "description": "",
        "special_considerations": ""
    }
},
{
    "model": "wasteprocessors.materialtype",
    "pk": 137,
    "fields": {
        "material_type": "Plastic",
        "material_slug": "",
        "description": "",
        "special_considerations": ""
    }
},
{
    "model": "wasteprocessors.materialtype",
    "pk": 139,
    "fields": {
        "material_type": "Drums and Barrels",
        "material_slug": "",
        "description": "",
        "special_considerations": ""
    }
},
{
    "model": "wasteprocessors.materialtype",
    "pk": 140,
    "fields": {
        "material_type": "Yard Waste",
        "material_slug": "",
        "description": "",
        "special_considerations": ""
    }
},
{
    "model": "wasteprocessors.materialtype",
    "pk": 142,
    "fields": {
        "material_type": "Asbestos",
        "material_slug": "",
        "description": "",
        "special_considerations": ""
    }
},
{
    "model": "wasteprocessors.materialtype",
    "pk": 143,
    "fields": {
        "material_type": "Contaminated Soil",
        "material_slug": "",
        "description": "",
        "special_considerations": ""
    }
},
{
    "model": "wasteprocessors.materialtype",
    "pk": 144,
    "fields": {
        "material_type": "Steel",
        "material_slug": "",
        "description": "",
        "special_considerations": ""
    }
},
{
    "model": "wasteprocessors.materialtype",
    "pk": 219,
    "fields": {
        "material_type": "Propane Tanks",
        "material_slug": "",
        "description": "",
        "special_considerations": ""
    }
},
{
    "model": "wasteprocessors.wastetype",
    "pk": 1,
    "fields": {
        "waste_type": "Salvaged materials"
    }
},
{
    "model": "wasteprocessors.wastetype",
    "pk": 2,
    "fields": {
        "waste_type": "Surplus materials"
    }
},
{
    "model": "wasteprocessors.wastetype",
    "pk": 3,
    "fields": {
        "waste_type": "Scrap materials"
    }
},
{
    "model": "wasteprocessors.wastetype",
    "pk": 4,
    "fields": {
        "waste_type": "Construction debris"
    }
},
{
    "model": "wasteprocessors.waste",
    "pk": 1,
    "fields": {
        "project": 1,
        "waste_type": 2,
        "material_type": 1
    }
},
{
    "model": "wasteprocessors.waste",
    "pk": 2,
    "fields": {
        "project": 1,
        "waste_type": 2,
        "material_type": 2
    }
},
{
    "model": "wasteprocessors.waste",
    "pk": 3,
    "fields": {
        "project": 1,
        "waste_type": 2,
        "material_type": 2
    }
},
{
    "model": "wasteprocessors.waste",
    "pk": 4,
    "fields": {
        "project": 1,
        "waste_type": 2,
        "material_type": 13
    }
},
{
    "model": "wasteprocessors.waste",
    "pk": 14,
    "fields": {
        "project": 2,
        "waste_type": 2,
        "material_type": 5
    }
},
{
    "model": "wasteprocessors.waste",
    "pk": 21,
    "fields": {
        "project": 1,
        "waste_type": 1,
        "material_type": 1
    }
},
{
    "model": "wasteprocessors.waste",
    "pk": 22,
    "fields": {
        "project": 1,
        "waste_type": 1,
        "material_type": 1
    }
},
{
    "model": "wasteprocessors.waste",
    "pk": 23,
    "fields": {
        "project": 1,
        "waste_type": 1,
        "material_type": 1
    }
},
{
    "model": "wasteprocessors.waste",
    "pk": 24,
    "fields": {
        "project": 1,
        "waste_type": 3,
        "material_type": 1
    }
},
{
    "model": "wasteprocessors.waste",
    "pk": 25,
    "fields": {
        "project": 1,
        "waste_type": 1,
        "material_type": 14
    }
},
{
    "model": "wasteprocessors.waste",
    "pk": 26,
    "fields": {
        "project": 1,
        "waste_type": 1,
        "material_type": 14
    }
},
{
    "model": "wasteprocessors.waste",
    "pk": 27,
    "fields": {
        "project": 1,
        "waste_type": 1,
        "material_type": 14
    }
},
{
    "model": "wasteprocessors.waste",
    "pk": 28,
    "fields": {
        "project": 1,
        "waste_type": 2,
        "material_type": 6
    }
},
{
    "model": "wasteprocessors.waste",
    "pk": 29,
    "fields": {
        "project": 1,
        "waste_type": 2,
        "material_type": 1
    }
},
{
    "model": "wasteprocessors.waste",
    "pk": 30,
    "fields": {
        "project": 1,
        "waste_type": 2,
        "material_type": 4
    }
},
{
    "model": "wasteprocessors.waste",
    "pk": 31,
    "fields": {
        "project": 1,
        "waste_type": 1,
        "material_type": 3
    }
},
{
    "model": "wasteprocessors.waste",
    "pk": 32,
    "fields": {
        "project": 1,
        "waste_type": 1,
        "material_type": 1
    }
},
{
    "model": "wasteprocessors.waste",
    "pk": 33,
    "fields": {
        "project": 1,
        "waste_type": 1,
        "material_type": 1
    }
},
{
    "model": "wasteprocessors.waste",
    "pk": 40,
    "fields": {
        "project": 1,
        "waste_type": 1,
        "material_type": 10
    }
},
{
    "model": "wasteprocessors.waste",
    "pk": 45,
    "fields": {
        "project": 1,
        "waste_type": 1,
        "material_type": 1
    }
},
{
    "model": "wasteprocessors.waste",
    "pk": 46,
    "fields": {
        "project": 1,
        "waste_type": 1,
        "material_type": 1
    }
},
{
    "model": "wasteprocessors.waste",
    "pk": 47,
    "fields": {
        "project": 1,
        "waste_type": 3,
        "material_type": 8
    }
},
{
    "model": "wasteprocessors.waste",
    "pk": 48,
    "fields": {
        "project": 1,
        "waste_type": 1,
        "material_type": 1
    }
},
{
    "model": "wasteprocessors.waste",
    "pk": 49,
    "fields": {
        "project": 1,
        "waste_type": 1,
        "material_type": 1
    }
},
{
    "model": "wasteprocessors.waste",
    "pk": 50,
    "fields": {
        "project": 14,
        "waste_type": 4,
        "material_type": 8
    }
},
{
    "model": "wasteprocessors.waste",
    "pk": 51,
    "fields": {
        "project": 1,
        "waste_type": 1,
        "material_type": 1
    }
},
{
    "model": "wasteprocessors.waste",
    "pk": 52,
    "fields": {
        "project": 1,
        "waste_type": 2,
        "material_type": 6
    }
},
{
    "model": "wasteprocessors.waste",
    "pk": 53,
    "fields": {
        "project": 1,
        "waste_type": 1,
        "material_type": 5
    }
},
{
    "model": "wasteprocessors.waste",
    "pk": 54,
    "fields": {
        "project": 2,
        "waste_type": 2,
        "material_type": 3
    }
},
{
    "model": "wasteprocessors.waste",
    "pk": 55,
    "fields": {
        "project": 1,
        "waste_type": 1,
        "material_type": 1
    }
},
{
    "model": "wasteprocessors.waste",
    "pk": 56,
    "fields": {
        "project": 1,
        "waste_type": 2,
        "material_type": 1
    }
},
{
    "model": "wasteprocessors.waste",
    "pk": 57,
    "fields": {
        "project": 1,
        "waste_type": 1,
        "material_type": 1
    }
},
{
    "model": "wasteprocessors.waste",
    "pk": 58,
    "fields": {
        "project": 17,
        "waste_type": 1,
        "material_type": 13
    }
},
{
    "model": "wasteprocessors.waste",
    "pk": 59,
    "fields": {
        "project": 1,
        "waste_type": 1,
        "material_type": 1
    }
},
{
    "model": "wasteprocessors.waste",
    "pk": 60,
    "fields": {
        "project": 1,
        "waste_type": 1,
        "material_type": 1
    }
},
{
    "model": "wasteprocessors.waste",
    "pk": 61,
    "fields": {
        "project": 1,
        "waste_type": 1,
        "material_type": 1
    }
},
{
    "model": "wasteprocessors.waste",
    "pk": 62,
    "fields": {
        "project": 20,
        "waste_type": 1,
        "material_type": 1
    }
},
{
    "model": "wasteprocessors.waste",
    "pk": 63,
    "fields": {
        "project": 21,
        "waste_type": 1,
        "material_type": 1
    }
},
{
    "model": "wasteprocessors.wasteprocessor",
    "pk": 1,
    "fields": {
        "company": "Ballard Reuse",
        "description": "Ballard Reuse is a used and salvaged building materials super store. Our mission is to keep as much out of the landfill as possible while sharing creative reuse ideas and having fun. We have the full range of used building materials as well as odd finds and some just plain cool stuff. Stop in to check out all the great material we have in our store. Ballard Reuse is a qualified verifying agent for deconstruction and architectural salvage assessments. Ballard Reuse prides ourselves on taking the widest variety of materials possible and continually pushing the limits of materials reuse. If you have something you think we might like please call or send us a picture.\nBallard Reuse prides ourselves on taking the widest variety of materials possible and continually pushing the limits of materials reuse. If you have something you think we might like please call or send us a picture.\nRestrictions: Call first to confirm that your materials are acceptable.\nDrop-off and Pick-up.\nFees: In most cases we can offer a tax deduction for the donation of the materials, give a store credit, or we can pay cash for the salvage rights to the job.\nServes businesses and residents.",
        "website": "http://ballardreuse.com/",
        "phone": "206-297-9119",
        "business_hours": "Mon-Sat: 9am - 6pm Sun:10am - 5pm",
        "email": "store@ballardreuse.com",
        "address": "1440 NW 52nd St (external map/directions)",
        "will_pick_up": true,
        "will_purchase": true,
        "accepts_donations": true,
        "paid_service": false,
        "materials_accepted": [
            1,
            5,
            10,
            13,
            126
        ],
        "waste_types_accepted": [
            1,
            2
        ]
    }
},
{
    "model": "wasteprocessors.wasteprocessor",
    "pk": 2,
    "fields": {
        "company": "Benchmark Recycling, Inc.",
        "description": "Benchmark Recycling provides drop boxes for hauling recyclable materials to the proper recycling facility. Benchmark Recycling also provides site clean-up services and foreclosure clean up.\nAccepts miscellaneous reusable building materials including cabinets, doors, fencing, floor coverings, and fixtures, etc.\nMinimum volume: 3 tons\nMaximum volume: unlimited\nRestrictions: Do not accept: household trash, garbage, suspect asbestos containing material, fluorescent light tubes, other mercury containing devices, light ballast that may contain PCB\u2019s, other potential PCB sources, electronics equipment, clothing, grass and yard clippings, contaminated soil, and containers with flammable liquid.\nPick-up only.\nServes businesses and residents.",
        "website": "http://www.benchmarkrecycling.com/",
        "phone": "253-565-1565",
        "business_hours": "Mon-Fri 7:30am - 4pm",
        "email": "info@benchmarkrecycling.com",
        "address": "3024 S Mullen St. (external map/directions)",
        "will_pick_up": true,
        "will_purchase": false,
        "accepts_donations": false,
        "paid_service": false,
        "materials_accepted": [
            1,
            2,
            3,
            4,
            5,
            6,
            7,
            8,
            9,
            10,
            13,
            14,
            15,
            16,
            120,
            121,
            123,
            124,
            125,
            126,
            128,
            129,
            131
        ],
        "waste_types_accepted": [
            1,
            2,
            3
        ]
    }
},
{
    "model": "wasteprocessors.wasteprocessor",
    "pk": 3,
    "fields": {
        "company": "Earthwise Building Salvage",
        "description": "Earthwise salvages and sells to the public primarily vintage fixtures and building materials.\nLicensed and bonded to perform salvages, demolitions, and strip-outs. Acceptance of materials based on current inventory. All items must be approved by Earthwise buyer - E-mail photos to confirm that materials are acceptable. Pick-up available for some items. Call with questions.\nRestrictions: Drop-off accepted during store hours. Not accepted: items that contain hazardous materials, railroad ties, and chemicals (paints, glue, caulk, etc.).\nDrop-off and Pick-up.\nFees: No fees.\nServes businesses and residents.",
        "website": "http://www.earthwise-salvage.com",
        "phone": "206-624-4510",
        "business_hours": "Mon - Sun: 9:30am - 5:30pm ",
        "email": "earthwise.salvage@gmail.com",
        "address": "3447 4th Ave. S (external map/directions)",
        "will_pick_up": true,
        "will_purchase": true,
        "accepts_donations": true,
        "paid_service": false,
        "materials_accepted": [
            13,
            126
        ],
        "waste_types_accepted": [
            1
        ]
    }
},
{
    "model": "wasteprocessors.wasteprocessor",
    "pk": 4,
    "fields": {
        "company": "Habitat for Humanity Seattle",
        "description": "",
        "website": "",
        "phone": "",
        "business_hours": "",
        "email": "",
        "address": "",
        "will_pick_up": true,
        "will_purchase": false,
        "accepts_donations": true,
        "paid_service": false,
        "materials_accepted": [
            13,
            18
        ],
        "waste_types_accepted": [
            1,
            2
        ]
    }
},
{
    "model": "wasteprocessors.wasteprocessor",
    "pk": 5,
    "fields": {
        "company": "IMEX - Industrial Materials Exchange",
        "description": "IMEX is a free service designed to help businesses find markets for industrial by-products, surplus materials and wastes. Through IMEX, waste generators can be matched with businesses and individuals that can use them. Businesses, offices, schools, and individuals can \"advertise\" their surplus/unwanted materials or can request the materials they need. The goal of IMEX is to conserve energy, resources and landfill space by helping businesses and organizations find alternatives to the disposal of valuable materials or wastes.\nIMEX, the Industrial Materials Exchange, is a classifieds listing for business industrial waste, matching waste generators with waste users. Submit a listing to the IMEX Web Site.\nRestrictions: Must follow Listing Policy.\nFees: Free Service.\nServes businesses only.",
        "website": "http://www.lhwmp.org/home/IMEX/index.aspx",
        "phone": "206-263-8465 or 888-879-4639",
        "business_hours": "Always available on-line.",
        "email": "imex@kingcounty.gov",
        "address": "Call for locations",
        "will_pick_up": true,
        "will_purchase": true,
        "accepts_donations": true,
        "paid_service": false,
        "materials_accepted": [
            1,
            13,
            15,
            16,
            17,
            120,
            123,
            125,
            126,
            129,
            131,
            134,
            135,
            136,
            137,
            139
        ],
        "waste_types_accepted": [
            1,
            2,
            3
        ]
    }
},
{
    "model": "wasteprocessors.wasteprocessor",
    "pk": 6,
    "fields": {
        "company": "R. W. Rhine, Inc.",
        "description": "Commercial demolition and salvage contractor for wood products and metal.\nCommercial demolition and salvage contractor for wood products and metal. Call to find out about other materials that may be accepted. Materials processed from site.\nRestrictions: Accepts select building materials at yard location. Timbers must be in reusable condition. Treated or painted wood is acceptable if reusable. Pick up for large quantities only, call first.\nDrop-off and Pick-up.\nFees: Call for information.\nServes businesses and residents.",
        "website": "http://www.rwrhine.com",
        "phone": "253-537-5852",
        "business_hours": "Mon-Fri: 8am - 5pm",
        "email": "info@rwrhine.com",
        "address": "1313 112th St E (external map/directions)",
        "will_pick_up": true,
        "will_purchase": false,
        "accepts_donations": false,
        "paid_service": false,
        "materials_accepted": [
            13,
            126
        ],
        "waste_types_accepted": [
            1
        ]
    }
},
{
    "model": "wasteprocessors.wasteprocessor",
    "pk": 7,
    "fields": {
        "company": "Re-Use Consulting",
        "description": "Consultants working in Western Washington to help building owners, architects and contractors to find sustainable alternatives to demolition and to sell/buy reusable building materials. Perform jobsite assessments and then find buyers and create markets for materials to be diverted from the landfill. RE-USE Consulting provides on-site step-by-step assistance to disassemble buildings. Options might include tax deductions for donating building materials. Visit http://www.reuseconsulting.com for available reusable building materials, intact structures to be moved, and plants and landscaping materials.\nProvides assistance in finding companies to provide deconstruction/salvage services and helps find buyers for salvaged materials. Conditionally accepts wood in good condition for reuse.\nRestrictions: Call for details.\nPick-up only.\nFees: Call for details.\nServes businesses and residents.",
        "website": "http://www.reuseconsulting.com",
        "phone": "360-201-6977",
        "business_hours": "Mon-Fri: 8am-6pm. Weekends by appointment.",
        "email": "re-use@comcast.net",
        "address": "Pick-up service only",
        "will_pick_up": true,
        "will_purchase": false,
        "accepts_donations": false,
        "paid_service": false,
        "materials_accepted": [
            1,
            5,
            10,
            13,
            14,
            18,
            19,
            124,
            126
        ],
        "waste_types_accepted": [
            1,
            2
        ]
    }
},
{
    "model": "wasteprocessors.wasteprocessor",
    "pk": 8,
    "fields": {
        "company": "Second Use Building Materials, Inc.",
        "description": "Recovers usable building materials in good condition including: cabinetry, doors, windows, plumbing fixtures, lighting, lumber, trim, flooring, hardware, appliances, and brick/masonry. Salvaged materials for sale to the general public 7 days a week\nAccepts all types of reusable building materials in good condition including: cabinetry, doors, windows, plumbing fixtures, lighting, lumber, trim, flooring, hardware, appliances, brick/masonry and more. Material drop-off/pick-up/strip-out services are available. Call for acceptance policies. Accepts tax-deductible donations for local affiliates of Habitat for Humanity. Used building materials in good condition including: cabinetry, doors, lumber, trim, and flooring. Call for more details.\nRestrictions: Salvage services available. Limited pickup.\nDrop-off and Pick-up.\nFees: Call for information.\nServes businesses and residents.",
        "website": "http://www.seconduse.com",
        "phone": "206-763-6929",
        "business_hours": "Mon-Sun: 9am - 6pm",
        "email": "seattle@seconduse.com",
        "address": "3223 6th Ave. S. (external map/directions)",
        "will_pick_up": true,
        "will_purchase": true,
        "accepts_donations": true,
        "paid_service": true,
        "materials_accepted": [
            1,
            5,
            13,
            18,
            126
        ],
        "waste_types_accepted": [
            1,
            2
        ]
    }
},
{
    "model": "wasteprocessors.wasteprocessor",
    "pk": 9,
    "fields": {
        "company": "Republic Services - Third & Lander Recycling & Transfer Station",
        "description": "The Republic Services (formerly Allied Waste) Recycling Center & Transfer Station is located 1 mile south of downtown Seattle. For materials accepted and current rates visit the 3rd & Lander Recycling & Transfer Station Web site. The facility incorporates curbside commingled recyclables processing technologies, construction and demolition processing and recycling, compostibles transfer services, contaminated media (soil) transfer services, and rail intermodal services.\nFor drop off information call 206-623-4080. Hauling services available.\nRestrictions: Wood waste must be free of contamination.\nDrop-off only.\nFees: Call for details.\nServes businesses and residents.\nReusable Building Materials\nDrop-off only.\nServes businesses only.",
        "website": "http://www.Rabanco.com",
        "phone": "206-332-7700",
        "business_hours": "Mon-Fri: 7am - 5:30pm; Sat-Sun: 8am - 5pm ",
        "email": "",
        "address": "2733 3rd Ave. S (external map/directions)",
        "will_pick_up": false,
        "will_purchase": false,
        "accepts_donations": false,
        "paid_service": false,
        "materials_accepted": [
            1,
            2,
            3,
            4,
            5,
            6,
            7,
            8,
            9,
            10,
            13,
            15,
            16,
            123,
            124,
            125,
            126,
            128,
            129,
            131,
            134,
            137,
            139,
            140,
            142,
            143,
            144
        ],
        "waste_types_accepted": []
    }
},
{
    "model": "wasteprocessors.wasteprocessor",
    "pk": 10,
    "fields": {
        "company": "Resource Woodworks Inc.",
        "description": "\nRemills salvaged wood for reuse.\nRestrictions: Strictly wood products; no treated materials.\nDrop-off only.\nFees: Call for information.\nServes businesses and residents.",
        "website": "http://www.rwtimber.com",
        "phone": "253-474-3757",
        "business_hours": "Mon-Fri: 8am - 4:30pm",
        "email": "rwtimber@aol.com",
        "address": "627 E 60th St (external map/directions)",
        "will_pick_up": false,
        "will_purchase": false,
        "accepts_donations": false,
        "paid_service": false,
        "materials_accepted": [
            1,
            13,
            126
        ],
        "waste_types_accepted": []
    }
},
{
    "model": "wasteprocessors.wasteprocessor",
    "pk": 11,
    "fields": {
        "company": "United Recycling & Container",
        "description": "United Recycling is a full service state of the art recycling facility. We accept all types of recyclable material from wood, cardboard and plastic - to construction and demolition debris. We are the recycler - no middle man. Container services are available to all surrounding areas.\n - Brush, Woody Waste\n - Clean Soil\n - Rock\n - Yard Waste\nMetal\n - Aluminum Cans\n - Ferrous Metals\n - Nonferrous Metals\n - Steel, Tin Cans\nPallets\n - Pallets\nPaper\n - Cardboard\nPlastic\n - Agricultural Plastic\n - Bottles, Jugs and Tubs\n - Mixed Plastics and Other Types of Plastics\n - Plastic Film and Grocery Bags\n - Plastic Nursery Pots\nSelected Material(s)\nReusable Building Materials\nDrop-off and Pick-up.\nServes businesses and residents.",
        "website": "http://www.unitedrecyclingco.com",
        "phone": "360-668-4300",
        "business_hours": "Mon-Fri: 7am - 5pm Sat: 8am - 4pm",
        "email": "info@unitedrecyclingco.com",
        "address": "18827 Yew Way (external map/directions)",
        "will_pick_up": false,
        "will_purchase": false,
        "accepts_donations": false,
        "paid_service": false,
        "materials_accepted": [
            1,
            3,
            4,
            5,
            6,
            13,
            19,
            124,
            126,
            139
        ],
        "waste_types_accepted": []
    }
},
{
    "model": "wasteprocessors.wasteprocessor",
    "pk": 13,
    "fields": {
        "company": "All Wood Recycling",
        "description": "Accepts asphalt, brick, concrete, landclearing, pallets and wood for recycling. Offers containers, pick up, or drop off.",
        "website": "",
        "phone": "206-682-5735",
        "business_hours": "",
        "email": "",
        "address": "8504 192nd Ave. NE (external map/directions)",
        "will_pick_up": false,
        "will_purchase": false,
        "accepts_donations": false,
        "paid_service": false,
        "materials_accepted": [
            1,
            3,
            5,
            6,
            10,
            124,
            126,
            129
        ],
        "waste_types_accepted": []
    }
},
{
    "model": "wasteprocessors.wasteprocessor",
    "pk": 14,
    "fields": {
        "company": "CDL Recycle",
        "description": "CDL Recycle (part of Drywall Recycling Services Inc. (DRS)) receives and processes construction, demolition, and woody land clearing debris in two locations: Seattle (Georgetown) and Woodinville. DRS accepts co-mingled loads of recyclable waste materials from construction projects and sorting those loads into re-usable and recyclable commodities. Drywall and wood are accepted only in Woodinville.\r\nAccepts wood for recycling.\r\nRestrictions: No painted, old, rotted, molded, treated or creosote wood is accepted. Longer lengths and larger dimensional pieces may be accepted for salvage/ reuse. Call recycling center to confirm prior to sending. Railroad ties, utility or telephone poles not accepted.\r\nDrop-off only.\r\nFees: $115/ton - call to confirm\r\nServes businesses only.",
        "website": "http://www.cdlrecycle.com",
        "phone": "425-245-8015",
        "business_hours": "Mon-Fri: 5am \u2013 7pm Sat: 7am - 2pm and by appointment",
        "email": "",
        "address": "7201 E Marginal Way S (external map/directions)",
        "will_pick_up": false,
        "will_purchase": false,
        "accepts_donations": false,
        "paid_service": true,
        "materials_accepted": [
            1,
            3,
            4,
            5,
            6,
            7,
            9,
            16,
            18,
            123,
            125,
            126,
            129,
            131,
            137
        ],
        "waste_types_accepted": [
            2,
            3,
            4
        ]
    }
},
{
    "model": "wasteprocessors.wasteprocessor",
    "pk": 15,
    "fields": {
        "company": "Bobby Wolford Trucking & Demolition",
        "description": "Offers hauling services, drop box services, and drop off site for asphalt, brick, ceramic tile, concrete, rock, dirt, clean waste wood, pallets, land clearing debris, site-sorted demolition, downed limbs, landscape trimmings (no grass). Sells recycled crushed concrete and hog fuel.\nAccepts and recycles clean wood including pallets, lumber, scraps, stumps, land clearing debris.\nRestrictions: Pickup done at jobsites. Please call for more information.\nDrop-off and Pick-up.\nFees: Call for rates.\nServes businesses and residents.",
        "website": "http://wolfordtrucking.com/",
        "phone": "425-481-1800 or 425-827-7530",
        "business_hours": "Mon-Sat: 7am - 6pm",
        "email": "info@wolfordtrucking.com",
        "address": "22014 W Bostian Rd (external map/directions)",
        "will_pick_up": false,
        "will_purchase": false,
        "accepts_donations": false,
        "paid_service": false,
        "materials_accepted": [
            1,
            3,
            5,
            6,
            10,
            19,
            124,
            126,
            129
        ],
        "waste_types_accepted": []
    }
},
{
    "model": "wasteprocessors.wasteprocessor",
    "pk": 16,
    "fields": {
        "company": "Bow Lake Recycling & Transfer Station",
        "description": "King County Transfer Station.\nAccepts clean wood including branches less than 8 feet long, stumps (no dirt), pallets, cedar shingles (no tarpaper), lath (no plaster), untreated and unpainted decking, fencing, plywood, OSB, and construction lumber. Nails and staples in the wood are acceptable. Place clean wood in the recycle area.\nRestrictions: All wood must be free of paint, preservatives, metals, concrete, etc., be less than 8 feet in length and less than 2 feet in diameter. Clean wood must be separated from garbage for recycling.\nDrop-off only.\nFees: $75 per ton with a minimum fee of $12 per entry. The entry fee covers the first 320 pounds.\nServes businesses and residents.",
        "website": "",
        "phone": "206-477-4466 or 800-325-6165 x74466",
        "business_hours": "Station hours (different from recycle area hours listed below): Mon-Thurs: 24 hours a day Fri: 12 a.m. \u2013 11:30 p.m. Sat and Sun: 8:30 a.m. \u2013 5:30 p.m. Recycle area hours (different from station hours listed above): Mon-Fri 6:00 a.m. \u2013 8:00 p.m. Sat and Sun: 8:30 a.m. \u2013 5:30 p.m. The following materials are accepted only during Recycle area hours:",
        "email": "",
        "address": "18800 Orillia Rd S (external map/directions)",
        "will_pick_up": false,
        "will_purchase": false,
        "accepts_donations": false,
        "paid_service": false,
        "materials_accepted": [
            1,
            15,
            16,
            18,
            123,
            124,
            125,
            126,
            129,
            131,
            134,
            136,
            137,
            140
        ],
        "waste_types_accepted": []
    }
},
{
    "model": "wasteprocessors.wasteprocessor",
    "pk": 17,
    "fields": {
        "company": "Cedar Grove Composting - Everett",
        "description": "Accepts clean greens: grass, leaves, stumps, branches and shrubs. Provides composting services. Sells finished compost and topsoils.\nAccepts wood crates, clean lumber, stumps and other wood. See list of acceptable materials at: http://www.cgcompost.com/organics/recyclables/default.htm\nRestrictions: No manure, foodwaste, concrete or dirt.\nDrop-off only.\nFees: Call or email info@cgcompost.com for rates.\nServes businesses and residents.",
        "website": "http://www.cgcompost.com",
        "phone": "877-764-5748 or 425-212-2515",
        "business_hours": "Mon - Fri: 7am - 4:30pm Sat: 8am - 4pm (Mar-Oct) Mon - Fri: 8am - 4pm (Nov-Feb)",
        "email": "info@cgcompost.com",
        "address": "3620 36th Pl NE (external map/directions)",
        "will_pick_up": false,
        "will_purchase": false,
        "accepts_donations": false,
        "paid_service": false,
        "materials_accepted": [
            1,
            124,
            126,
            140
        ],
        "waste_types_accepted": []
    }
},
{
    "model": "wasteprocessors.wasteprocessor",
    "pk": 18,
    "fields": {
        "company": "Concrete Recyclers, Inc.",
        "description": "Concrete and asphalt breaking, removal, disposal and recycling. We can provide portable on-site concrete and asphalt crushing and screening. We also offer asbestos inspection and removal.\nSelected Material(s)\nWood\nRestrictions: Non-painted, untreated.\nDrop-off and Pick-up.\nFees: Call for information.\nServes businesses only.",
        "website": "http://www.concreterecyclersolympia.com",
        "phone": "360-570-1562 or 360-951-0999",
        "business_hours": "Mon-Fri: 7:30am - 4:30pm Sat: 8am - 3:30pm",
        "email": "crushit@comcast.net",
        "address": "2935 Black Lake Blvd. SW (external map/directions)",
        "will_pick_up": false,
        "will_purchase": false,
        "accepts_donations": false,
        "paid_service": false,
        "materials_accepted": [
            1,
            3,
            5,
            6,
            15,
            124,
            126,
            134,
            140
        ],
        "waste_types_accepted": []
    }
},
{
    "model": "wasteprocessors.wasteprocessor",
    "pk": 19,
    "fields": {
        "company": "Construction Waste Management",
        "description": "Provides onsite containers and hauling services for construction and demolition materials for recycling.\nProvides multiple sizes of containers for recycling all types of wood waste and other construction materials.\nMinimum volume: None\nMaximum volume: Our Largest Container is 52 cubic yards\nRestrictions: Recyclable wood waste includes: All types of dimesional lumber, plywood, posts, beams logs, brush, stumps, old cabinets and doors, etc.\nPick-up only.\nFees: Please Call - Pricing is based on your specific job-site location and the total volume of material to be removed\nServes businesses and residents.",
        "website": "",
        "phone": "425-402-1972 or 206-707-2666",
        "business_hours": "Mon-Fri: 7:30am - 4:30pm",
        "email": "constructionwastemonica@gmail.com",
        "address": "11110 Mukilteo Spdwy, Ste 202 (external map/directions)",
        "will_pick_up": true,
        "will_purchase": false,
        "accepts_donations": false,
        "paid_service": true,
        "materials_accepted": [
            1,
            3,
            4,
            5,
            6,
            7,
            16,
            123,
            124,
            125,
            126,
            128,
            129,
            131,
            140
        ],
        "waste_types_accepted": [
            3,
            4
        ]
    }
},
{
    "model": "wasteprocessors.wasteprocessor",
    "pk": 20,
    "fields": {
        "company": "Dirt Exchange",
        "description": "We accept yard waste, scrapings, soil, sod, clean wood, rock, concrete, asphalt and brick for recycling.\nClean wood, fencing ok (see restrictions)\nRestrictions: No paint, no pressure treated, minimal nails. Call for details. Can not take any contaminated material and all loads are subject to review.\nDrop-off and Pick-up.\nFees: $23.00 per cubic yard\nServes businesses and residents.",
        "website": "http://dirtexchange.us/",
        "phone": "206-599-3478",
        "business_hours": "Mon-Fri: 7am - 5pm",
        "email": "dirtexchange@gmail.com",
        "address": "1521 NW 50th St. (external map/directions)",
        "will_pick_up": true,
        "will_purchase": false,
        "accepts_donations": false,
        "paid_service": true,
        "materials_accepted": [
            1,
            3,
            5,
            6,
            19,
            124,
            126,
            128,
            129,
            140
        ],
        "waste_types_accepted": [
            3,
            4
        ]
    }
},
{
    "model": "wasteprocessors.wasteprocessor",
    "pk": 21,
    "fields": {
        "company": "Grayhawk Construction",
        "description": "Will provide 15-, 20-, 25-, 30-, or 40-yard rolloff containers and hauling for all construction recycled materials. No drop-offs accepted.\nWill provide 15-, 20-, 30-, or 40-yard rolloff containers and hauling for all construction recycled materials. Please call for more information.\nMinimum volume: 15 cubic yards\nMaximum volume: None\nRestrictions: No food, garbage, hazardous waste, paint, chemicals, TVs, or computer monitors.\nPick-up only.\nFees: Call for more information.\nServes businesses and residents.",
        "website": "http://grayhawkrecyclingservices.com/home.html",
        "phone": "425-402-4122 or 206-391-1324",
        "business_hours": "24 hours",
        "email": "davis.kerr@grayhawkconst.com",
        "address": "9606 NE 180th St. (external map/directions)",
        "will_pick_up": true,
        "will_purchase": false,
        "accepts_donations": false,
        "paid_service": true,
        "materials_accepted": [
            1,
            2,
            3,
            4,
            5,
            6,
            7,
            8,
            9,
            10,
            15,
            16,
            19,
            120,
            123,
            124,
            125,
            126,
            128,
            129,
            131,
            134,
            139,
            140
        ],
        "waste_types_accepted": [
            2,
            3
        ]
    }
},
{
    "model": "wasteprocessors.wasteprocessor",
    "pk": 22,
    "fields": {
        "company": "Habitat for Humanity Seattle/South King County Home Improvement Outlet",
        "description": "We accept donations of new and gently used furniture, building materials, appliances and hardware that are clean and in 100% working condition. If you have overstock, seasonal items, inventory close outs, be sure to give us a call. By donating materials to a Habitat Store (Bellevue and Seattle), you will enjoy a tax deduction, help provide our community with a source of low-cost materials, and reduce materials going to landfills. Note the Seattle store is closed while moving to a new location and reopening in November 2015.\nAccepts new and used building materials such as: lumber, cabinets, countertops, paint, doors, plumbing, electrical, roofing, flooring, windows, hardware, wall board and lighting.\nRestrictions: Please call first to confirm that your materials are acceptable. Does not provide salvage service.\nDrop-off and Pick-up.\nFees: Donation only.\nServes businesses and residents.",
        "website": "http://www.habitatskc.org/store",
        "phone": "206-957-6914",
        "business_hours": "Please call to make arrangements.",
        "email": "outlet@seattle-habitat.org",
        "address": "13500 Bel Red Rd (external map/directions)",
        "will_pick_up": true,
        "will_purchase": false,
        "accepts_donations": true,
        "paid_service": false,
        "materials_accepted": [
            13,
            18,
            126
        ],
        "waste_types_accepted": [
            1,
            2
        ]
    }
},
{
    "model": "wasteprocessors.wasteprocessor",
    "pk": 23,
    "fields": {
        "company": "Lloyd Enterprises, Inc.",
        "description": "Accepts concrete, asphalt, dirt, brush, stumps, demolition debris, and construction debris.\nAccepts brush, landclearing wood waste and stumps. Hauling services available.\nRestrictions: No dimensional lumber accepted.\nDrop-off and Pick-up.\nFees: Price structured according to amounts--call for prices.\nServes businesses and residents.",
        "website": "http://www.lloydenterprise.com",
        "phone": "253-874-6692 or 253-927-0416",
        "business_hours": "Mon-Fri: 7am - 5pm Sat: 8am - 12pm",
        "email": "sales@lloydenterprisesinc.com",
        "address": "80 5th Ave. (external map/directions)",
        "will_pick_up": true,
        "will_purchase": false,
        "accepts_donations": false,
        "paid_service": true,
        "materials_accepted": [
            1,
            3,
            5,
            6,
            7,
            19,
            124,
            126,
            128
        ],
        "waste_types_accepted": [
            3
        ]
    }
},
{
    "model": "wasteprocessors.wasteprocessor",
    "pk": 24,
    "fields": {
        "company": "Nickel Bros. House Moving",
        "description": "Nickel Bros. House Moving rescues houses from demolition by working with developers and homeowners who plan to demolish a house in order to build another larger house or a development. These houses are then resold.\nRecovers houses before demolition to be resold.\nFees: Call for details.\nServes businesses and residents.",
        "website": "http://www.nickelbros.com/",
        "phone": "425-257-2067",
        "business_hours": "Mon - Fri: 8am - 5pm",
        "email": "washington@nickelbrosusa.com",
        "address": "625 Riverside Rd (external map/directions)",
        "will_pick_up": true,
        "will_purchase": false,
        "accepts_donations": false,
        "paid_service": true,
        "materials_accepted": [
            13,
            126
        ],
        "waste_types_accepted": [
            1
        ]
    }
},
{
    "model": "wasteprocessors.wasteprocessor",
    "pk": 25,
    "fields": {
        "company": "Pacific Topsoils, Inc. - North Seattle",
        "description": "Pacific Topsoils serves homeowners and landscape contractors with topsoil products, mulches, and tools with locations in Bellevue, Everett, Issaquah, Kenmore, Maltby, Marysville, Redmond, Seattle, and Tukwila. Contact Sales at sales@pacifictopsoils.com, or visit our website at www.pacifictopsoils.com.\nAccepts small stumps, lumber, pallets, and wood chips (with or without staples or nails).\nRestrictions: Untreated materials only. No paint or stains. Also takes railroad ties.\nDrop-off and Pick-up.\nFees: Call for pricing, email us at sales@pacifictopsoils.com, or see our website at www.pacifictopsoils.com for more information.\nServes businesses and residents.",
        "website": "http://www.pacifictopsoils.com",
        "phone": "800-884-7645 or 425-337-2700",
        "business_hours": "Varies with season - 7 days a week",
        "email": "sales@pacifictopsoils.com",
        "address": "1212 N 107th St. (external map/directions)",
        "will_pick_up": true,
        "will_purchase": false,
        "accepts_donations": false,
        "paid_service": true,
        "materials_accepted": [
            1,
            3,
            6,
            124,
            126,
            128,
            129,
            140
        ],
        "waste_types_accepted": [
            3
        ]
    }
},
{
    "model": "wasteprocessors.wasteprocessor",
    "pk": 26,
    "fields": {
        "company": "Seattle Building Salvage",
        "description": "\nAccepts pre-1940 construction salvage items such as light fixtures, other types of fixtures, doors, bath tubs, and any reusable building materials.\nDrop-off and Pick-up.\nFees: Call for more information.\nServes businesses and residents.",
        "website": "http://www.seattlebuildingsalvage.com",
        "phone": "425-374-2550",
        "business_hours": "",
        "email": "Seattlebuildingsalvage@gmail.com",
        "address": "Call for location",
        "will_pick_up": true,
        "will_purchase": true,
        "accepts_donations": true,
        "paid_service": true,
        "materials_accepted": [
            13,
            126
        ],
        "waste_types_accepted": [
            1
        ]
    }
},
{
    "model": "wasteprocessors.wasteprocessor",
    "pk": 27,
    "fields": {
        "company": "Waste Management - Commercial Recycling Collection Services",
        "description": "Provides commercial garbage and recycling collection for businesses in King County. Outdoor containers available. Will visit site.\nPermitted construction waste disposal facility. Accepts clean wood, dirty wood, painted or treated wood.\nRestrictions: Call for more information.\nPick-up only.\nFees: Reduced tipping fee for recyclable material.\nServes businesses only.",
        "website": "http://www.wmnorthwest.com",
        "phone": "800-592-9995",
        "business_hours": "Mon.-Fri: 7am-5pm",
        "email": "commercialinfo@wmnorthwest.com",
        "address": "Pick-up service only",
        "will_pick_up": true,
        "will_purchase": false,
        "accepts_donations": false,
        "paid_service": true,
        "materials_accepted": [
            1,
            4,
            6,
            15,
            16,
            124,
            125,
            126,
            129,
            135,
            137
        ],
        "waste_types_accepted": [
            2,
            3
        ]
    }
},
{
    "model": "wasteprocessors.wasteprocessor",
    "pk": 28,
    "fields": {
        "company": "Alternative Concepts",
        "description": "Alternative Concepts deconstructs buildings, salvaging and reclaiming materials that would end up in the landfill. We recycle and reuse as much material as possible. We accept left-over building supplies as well as material you don't know what to do with and would like to keep out of the landfill.\nDeconstructs old buildings and rebuilds new buildings out of reusable materials such as asphalt, lumber, concrete, metal, and brick. Also offers pick-up service for some recyclable materials. Call for details.\nRestrictions: No hazardous waste. Call for specific questions.\nPick-up only.\nFees: Call for fee info.\nServes businesses and residents.\nWood\nDeconstructs old buildings and rebuilds new buildings out of reusable materials such as asphalt, lumber, concrete, metal, and brick. Also offers pick-up service for some recyclable materials. Call for details.\nRestrictions: No hazardous waste. Call for specific questions.\nPick-up only.\nFees: Call for fee info.\nServes businesses and residents.",
        "website": "",
        "phone": "206-734-6317",
        "business_hours": "By appointment only.",
        "email": "thehoogenconnection@gmail.com",
        "address": "Pick-up service only",
        "will_pick_up": true,
        "will_purchase": false,
        "accepts_donations": false,
        "paid_service": true,
        "materials_accepted": [
            1,
            3,
            4,
            5,
            6,
            7,
            13,
            16,
            123,
            126,
            131
        ],
        "waste_types_accepted": [
            1,
            2,
            3
        ]
    }
},
{
    "model": "wasteprocessors.wasteprocessor",
    "pk": 29,
    "fields": {
        "company": "Angel's Junk Removal",
        "description": "Angel's is a pick up and removal service, accepting everything from appliances to yard waste debris. Materials are taken to a recycling center or are properly disposed of. We serve King, Snohomish and Pierce Counties. Call 877-744-5865 or visit our website for a complete list of services.\nAngel\u2019s removes construction and demolition debris. Items are separated for reuse and recycling.\nRestrictions: We do not accept hazardous materials except ewaste and fluorescent lighting.\nPick-up only.\nServes businesses and residents.",
        "website": "http://www.angelsjunkremoval.com",
        "phone": "877-744-5865",
        "business_hours": "Mon-Fri: 8am - 6pm",
        "email": "patm@angelsjunkremoval.com",
        "address": "Pick-up service only",
        "will_pick_up": true,
        "will_purchase": false,
        "accepts_donations": false,
        "paid_service": true,
        "materials_accepted": [
            1,
            2,
            3,
            4,
            5,
            6,
            7,
            8,
            9,
            10,
            11,
            12,
            13,
            14,
            15,
            16,
            17,
            18,
            19,
            120,
            121,
            123,
            124,
            125,
            126,
            128,
            129,
            131,
            134,
            135,
            136,
            137,
            139,
            140
        ],
        "waste_types_accepted": [
            1,
            2,
            3
        ]
    }
},
{
    "model": "wasteprocessors.wasteprocessor",
    "pk": 30,
    "fields": {
        "company": "Busby Junk Removal LLC",
        "description": "Authorized E-Cycle Washington Collector. Commercial and residential debris removal service, provides pick-up service in King, Pierce and Snohomish Counties. Fees for pick-up, additional fees may be charged for recycling electronic products. Free junk removal consultation.\nA junk removal service that provides recycling for metal, wood, appliances, ewaste, fluorescent bulbs and tubes, yard waste, concrete, paper and printer cartridges. See more information about recyclable materials.\nRestrictions: Does not accept hazardous materials except ewaste and fluorescent bulbs and tubes.\nPick-up only.\nFees: See Busby pricing fees.\nServes businesses and residents.",
        "website": "http://www.buzz-bee.net",
        "phone": "877-404-5865",
        "business_hours": "Mon-Sun: 8am - 5pm",
        "email": "sales@buzz-bee.net",
        "address": "Pick-up service only",
        "will_pick_up": true,
        "will_purchase": false,
        "accepts_donations": true,
        "paid_service": true,
        "materials_accepted": [
            1,
            2,
            3,
            4,
            5,
            6,
            7,
            8,
            9,
            10,
            11,
            13,
            15,
            16,
            17,
            18,
            19,
            120,
            123,
            124,
            125,
            126,
            128,
            129,
            131,
            134,
            135,
            136,
            137,
            140,
            143
        ],
        "waste_types_accepted": [
            3,
            4
        ]
    }
},
{
    "model": "wasteprocessors.wasteprocessor",
    "pk": 31,
    "fields": {
        "company": "E.I.R. Enterprise",
        "description": "Provides 18- and 25-yard roll-off containers for the hauling of non-hazardous materials: source separated recyclables such as wood, metal (stoves, water heaters, fridges), cardboard, newspaper, books, high grade paper, most electronics (TVs, computers, etc.), concrete and asphalt (under 8,000 lbs per load). Targets commercial centers and malls between Highway 520 and I-90 east of Lake Washington.\nWe haul wood in source separated loads. Small quantities in mixed loads. Volume and weight limits apply on this type of material. Call for details on your specific job.\nMaximum volume: 8,000 lb load limit per haul.\nRestrictions: 8,000 lb load limit per haul. No hazardous wastes. Collection only available within a 20 mile radius of their headquarters in Redmond.\nPick-up only.\nFees: Call for rates.\nServes businesses only.",
        "website": "",
        "phone": "206-339-9166",
        "business_hours": "Provides pick up services only - No staffed commercial drop locations.",
        "email": "pixibob69@yahoo.com",
        "address": "Pick-up service only",
        "will_pick_up": true,
        "will_purchase": false,
        "accepts_donations": false,
        "paid_service": true,
        "materials_accepted": [
            1,
            3,
            4,
            5,
            6,
            7,
            8,
            9,
            10,
            13,
            14,
            15,
            16,
            18,
            19,
            120,
            121,
            123,
            124,
            125,
            126,
            128,
            131,
            134,
            135,
            139,
            140,
            219
        ],
        "waste_types_accepted": [
            1,
            2,
            3
        ]
    }
},
{
    "model": "wasteprocessors.wasteprocessor",
    "pk": 32,
    "fields": {
        "company": "Hungry Buzzard Recovery, LLC",
        "description": "Drop container hauling service of recyclable materials for the construction industry and residential customers. Service area includes all of King County and all of Snohomish County.\nWill drop off and pick up steel containers to job sites and private residences to capture all the \"recyclable\" building materials. Will pick up construction, demolition, & land clearing debris including: roofing (shake, composite, tile), co-mingled construction material, wood, concrete, masonry, metals (stoves, washers, dryers, ducting, hot water heaters, piping).\nRestrictions: Does not pick up the following (non-recyclables): Household garbage, TV's, computers, monitors, oils, solvents, paints, asbestos containing materials, treated wood, fluorescent tubes, car batteries, tires.\nPick-up only.\nFees: Call for details.\nServes businesses and residents.",
        "website": "http://www.hungrybuzzard.com",
        "phone": "425-489-9235 or 866-489-9235",
        "business_hours": "Mon-Fri: 7am - 5pm",
        "email": "dispatch@hungrybuzzard.com",
        "address": "Pick-up service only",
        "will_pick_up": true,
        "will_purchase": false,
        "accepts_donations": false,
        "paid_service": true,
        "materials_accepted": [
            1,
            2,
            3,
            4,
            5,
            6,
            7,
            9,
            10,
            13,
            16,
            18,
            19,
            124,
            126,
            128,
            131,
            140
        ],
        "waste_types_accepted": [
            1,
            2,
            3,
            4
        ]
    }
},
{
    "model": "wasteprocessors.wasteprocessor",
    "pk": 34,
    "fields": {
        "company": "Republic Services - Commercial Services & Sales",
        "description": "Republic Services (formerly Allied Waste) provides hauling services for businesses, offering commercial carts, front-load (dumpster), roll-off drop boxes and intermodal container services for garbage, recycling, construction demolition debris, and yard/landscape debris. For more information please visit www.rabanco.com or call 206-332-7700.\nProvides hauling services for wood, garbage, recycling, construction debris and many other materials.\nMinimum volume: Any\nMaximum volume: Any\nPick-up only.\nFees: For commercial rates please call 206-332-7700. For current residential rates select your city or service area on our Web site or call us at 206-332-7700.\nServes businesses and residents.",
        "website": "http://www.disposal.com",
        "phone": "206-332-7777",
        "business_hours": "Mon - Fri: 8am - 5pm",
        "email": "",
        "address": "Pick-up service only",
        "will_pick_up": true,
        "will_purchase": false,
        "accepts_donations": false,
        "paid_service": true,
        "materials_accepted": [
            1,
            2,
            3,
            4,
            5,
            6,
            7,
            8,
            9,
            10,
            12,
            13,
            14,
            15,
            16,
            18,
            19,
            120,
            121,
            123,
            124,
            125,
            126,
            128,
            129,
            131,
            134,
            135,
            137,
            140,
            142,
            143
        ],
        "waste_types_accepted": [
            2,
            3,
            4
        ]
    }
},
{
    "model": "wasteprocessors.wasteprocessor",
    "pk": 35,
    "fields": {
        "company": "Big Haul Junk Removal",
        "description": "Our company is a pick up and removal service. We accept everything from appliances to yard waste debris. Materials are taken to a recycling center or are properly disposed of. We provide pick up service to King, and parts of Snohomish and Pierce Counties. Please check out our website or call us for a complete list of services.\nLicensed, Bonded and Insured Junk Removal Company providing recycling for Appliances, Metal, Furniture, Wood, Ewaste, Yard Waste, TV's, Monitors, Ewaste, Paper, Concrete, Dirt,\nRestrictions: Does not accept hazardous waste\nPick-up only.\nFees: See Big Haul pricing fees\nServes businesses and residents.",
        "website": "http://www.bighaul.com",
        "phone": "877-770-4285 or 877-937-2444",
        "business_hours": "Mon-Sun: 7am - 7pm",
        "email": "info@bighaul.net",
        "address": "Pick-up service only (external map/directions)",
        "will_pick_up": true,
        "will_purchase": false,
        "accepts_donations": false,
        "paid_service": true,
        "materials_accepted": [
            1,
            2,
            5,
            6,
            7,
            8,
            9,
            10,
            11,
            18,
            19,
            124,
            126,
            140
        ],
        "waste_types_accepted": [
            1,
            2,
            3,
            4
        ]
    }
},
{
    "model": "wasteprocessors.wasteprocessor",
    "pk": 36,
    "fields": {
        "company": "CWRR - Commercial Waste Reduction and Recycling",
        "description": "Provides commercial recycling collection services. Indoor and outdoor containers provided. No drop-off facility.\nAccepts CDL for recycling.\nRestrictions: Call for details.\nPick-up only.\nServes businesses only.",
        "website": "http://www.cwrrecycling.com",
        "phone": "206-772-4745",
        "business_hours": "Mon-Sat: 8am-5pm",
        "email": "dave@cwrrecycling.com",
        "address": "Pick-up service only",
        "will_pick_up": true,
        "will_purchase": false,
        "accepts_donations": false,
        "paid_service": true,
        "materials_accepted": [
            1,
            3,
            5,
            6,
            15,
            16,
            124,
            125,
            126,
            129,
            134,
            135,
            137,
            140
        ],
        "waste_types_accepted": [
            3,
            4
        ]
    }
},
{
    "model": "wasteprocessors.wasteprocessor",
    "pk": 37,
    "fields": {
        "company": "ReNu Recycling Services",
        "description": "ReNu Recycling Services, part of Nuprecon, a C&D hauler, offers a menu of services that include the collection of both source separated (single stream) and commingled materials, wherein you can put most C&D waste products in the same box. Additionally, we will work with you to manage and mitigate site waste and costs and even provide recycling and diversion reporting on a regular basis at no extra charge.\nOnsite drop box and hauling services for all types of construction and demolition materials (concrete, asphalt, brick, drywall, wood, etc.) for recycling. Accepts co-mingled CDL loads; night service available\nRestrictions: Pick-up services only. No garbage, liquids, or hazardous wastes.\nPick-up only.\nFees: Call for price quote. Flat rate depending on box size, material type, and location.\nServes businesses and residents.",
        "website": "http://www.nuprecon.com",
        "phone": "877-444-7368 or 425-881-0623",
        "business_hours": "Mon-Fri: 7am - 5pm",
        "email": "renu@nuprecon.com",
        "address": "Pick-up service only",
        "will_pick_up": true,
        "will_purchase": false,
        "accepts_donations": false,
        "paid_service": true,
        "materials_accepted": [
            1,
            2,
            3,
            4,
            5,
            6,
            7,
            14,
            19,
            121,
            124,
            125,
            126,
            128,
            140
        ],
        "waste_types_accepted": [
            2,
            3,
            4
        ]
    }
},
{
    "model": "wasteprocessors.wasteprocessor",
    "pk": 38,
    "fields": {
        "company": "Waste Management - Cascade Recycling Center",
        "description": "Recycling facility accepting construction, demolition and landclearing debris from commercial customers. All material must be in trucks equipped with electrical or hydraulic offloading capabilities. No pickup loads.\nAccepts wood from commercial customers.\nRestrictions: Materials must be brought in trucks equipped with electrical or hydraulic offloading capabilities. Call for more information. \nDrop-off only.\nFees: Call for more information.\nServes businesses only.",
        "website": "http://www.wmnorthwest.com/cascaderecycling/",
        "phone": "425-951-8311 or 425-951-8305",
        "business_hours": "Mon-Fri: 5am - 5pm; Saturdays by appointment only",
        "email": "pnwbccmservices@wm.com",
        "address": "14020 NE 190th St. (external map/directions)",
        "will_pick_up": false,
        "will_purchase": false,
        "accepts_donations": false,
        "paid_service": false,
        "materials_accepted": [
            1,
            3,
            4,
            5,
            6,
            7,
            13,
            14,
            16,
            121,
            123,
            125,
            126,
            129,
            131
        ],
        "waste_types_accepted": []
    }
}
]
